metabolite,name,coefficient,formula,formula_weight (g/mol),weight_contribution (g),carbon_content (mol C/mol biomass)
cpd15723_c0,Dianteisoheptadecanoylphosphatidylglycerol_c0,-0.0106480421341882,C40H78O10P,750.015081,0.007986192183764576,0.425921685367528
cpd00015_c0,FAD_c0,-0.00309646685192537,C27H31N9O15P2,783.5338620000001,0.0024261866310440676,0.083604605001985
cpd15352_c0,2-Demethylmenaquinone 8_c0,-0.00309646685192537,C50H70O2,703.0895999999999,0.0021770936403334674,0.1548233425962685
cpd00322_c0,L-Isoleucine_c0,-0.241798510337235,C6H13NO2,131.17291999999998,0.0317174166525853,1.4507910620234101
cpd00033_c0,Glycine_c0,-0.509869786991038,C2H5NO2,75.0666,0.038274191352141454,1.019739573982076
cpd15695_c0,Diisoheptadecanoylphosphatidylethanolamine_c0,-0.0106480421341882,C39H78NO8P,720.0122809999999,0.007666721105220953,0.4152736432333398
cpd00006_c0,NADP_c0,-0.00309646685192537,C21H26N7O17P3,741.389123,0.002295686843747521,0.06502580389043278
cpd00035_c0,L-Alanine_c0,-0.427934380173264,C3H7NO2,89.09318,0.038126034760965044,1.283803140519792
cpd00084_c0,L-Cysteine_c0,-0.0761464922056484,C3H7NO2S,121.15818,0.009225770409020546,0.2284394766169452
cpd15722_c0,Diisoheptadecanoylphosphatidylglycerol_c0,-0.0106480421341882,C40H78O10P,750.015081,0.007986192183764576,0.425921685367528
cpd00034_c0,Zn2+_c0,-0.00309646685192537,Zn,65.409,0.00020253680031758655,0.0
cpd15432_c0,core oligosaccharide lipid A_c0,-0.0250105977108944,C176H307N2O100P4,4175.169224,0.10442347783637115,4.401865197117415
cpd00001_c0,H2O_c0,-35.5403092430435,H2O,18.01528,0.6402686223000168,0.0
cpd00060_c0,L-Methionine_c0,-0.127801422590767,C5H11NO2S,149.21134,0.019069421518674613,0.6390071129538349
cpd00066_c0,L-Phenylalanine_c0,-0.154519490031345,C9H11NO2,165.18913999999998,0.02552494167151645,1.3906754102821048
cpd00241_c0,dGTP_c0,-0.0213435009581568,C10H13N5O13P3,504.157203,0.01076047974529215,0.21343500958156797
cpd00069_c0,L-Tyrosine_c0,-0.120676604606612,C9H11NO3,181.18854,0.0218652178008293,1.086089441459508
cpd00010_c0,CoA_c0,-0.00309646685192537,C21H33N7O16P3S,764.510303,0.002367280811194921,0.06502580389043278
cpd15696_c0,Dianteisoheptadecanoylphosphatidylethanolamine_c0,-0.0106480421341882,C39H78NO8P,720.0122809999999,0.007666721105220953,0.4152736432333398
cpd00557_c0,Siroheme_c0,-0.00309646685192537,C42H36FeN4O16,908.59744,0.0028134418547042504,0.13005160778086555
cpd00038_c0,GTP_c0,-0.135406821203723,C10H13N5O14P3,520.156603,0.07043275214035692,1.3540682120372298
cpd00099_c0,Cl-_c0,-0.00309646685192537,Cl,35.453,0.00010977903930131017,0.0
cpd00345_c0,5-Methyltetrahydrofolate_c0,-0.00309646685192537,C20H23N7O6,457.43992,0.0014164475490273931,0.0619293370385074
cpd00129_c0,L-Proline_c0,-0.184354665339991,C5H8NO2,114.12252,0.02103901898235643,0.921773326699955
cpd00062_c0,UTP_c0,-0.0908319049068452,C9H12N2O15P3,481.117263,0.04370079748185763,0.8174871441616068
cpd00087_c0,Tetrahydrofolate_c0,-0.00309646685192537,C19H21N7O6,443.41334,0.0013730147090115137,0.05883287018658203
cpd00058_c0,Cu2+_c0,-0.00309646685192537,Cu,63.546,0.00019676808257244958,0.0
cpd00156_c0,L-Valine_c0,-0.352233189091625,C5H11NO2,117.14634,0.04126282892861179,1.761165945458125
cpd15793_c0,Stearoylcardiolipin (B. subtilis)_c0,-0.0106480421341882,C81H156O17P2,1464.042662,0.015589187951225054,0.8624914128692442
cpd00201_c0,10-Formyltetrahydrofolate_c0,-0.00309646685192537,C20H21N7O7,471.42344,0.0014597470551806287,0.0619293370385074
cpd00107_c0,L-Leucine_c0,-0.375388847540127,C6H13NO2,131.17291999999998,0.04924085126727327,2.252333085240762
cpd00264_c0,Spermidine_c0,-0.00309646685192537,C7H22N3,148.26968,0.00045911214926558196,0.02167526796347759
cpd00030_c0,Mn2+_c0,-0.00309646685192537,Mn,54.938049,0.00017011384763795172,0.0
cpd00254_c0,Mg_c0,-0.00309646685192537,Mg,24.305,7.525962683604611e-05,0.0
cpd00041_c0,L-Aspartate_c0,-0.200830806928348,C4H6NO4,132.09474,0.026528693225190327,0.803323227713392
cpd00161_c0,L-Threonine_c0,-0.211072732780569,C4H9NO3,119.11916,0.025142806627725844,0.844290931122276
cpd00039_c0,L-Lysine_c0,-0.285438020490179,C6H15N2O2,147.1955,0.04201519214506215,1.7126281229410742
cpd00118_c0,Putrescine_c0,-0.00309646685192537,C4H14N2,90.16736,0.00027920024136562156,0.01238586740770148
cpd00048_c0,Sulfate_c0,-0.00309646685192537,O4S,96.0626,0.00029745465660976607,0.0
cpd15540_c0,Phosphatidylglycerol dioctadecanoyl_c0,-0.0106480421341882,C42H82O10P,778.068241,0.008284903413441699,0.4472177696359044
cpd15794_c0,Isoheptadecanoylcardiolipin (B. subtilis)_c0,-0.0106480421341882,C77H148O17P2,1407.936342,0.014991765491870807,0.8198992443324914
cpd00119_c0,L-Histidine_c0,-0.0792636000737159,C6H9N3O2,155.15456,0.012298108993453358,0.47558160044229536
cpd00065_c0,L-Tryptophan_c0,-0.0472019191450218,C11H12N2O2,204.22518,0.009639820433737524,0.5192211105952398
cpd00056_c0,TPP_c0,-0.00309646685192537,C12H17N4O7P2S,423.298502,0.001310729779912665,0.03715760222310444
cpd00132_c0,L-Asparagine_c0,-0.200830806928348,C4H8N2O3,132.11792,0.026533348483294927,0.803323227713392
cpd02229_c0,Bactoprenyl diphosphate_c0,-0.0250105977108944,C55H90O7P2,925.246422,0.02314096604408644,1.375582874099192
cpd00054_c0,L-Serine_c0,-0.179456352975885,C3H7NO3,105.09258,0.018859531131626434,0.538369058927655
cpd00053_c0,L-Glutamine_c0,-0.219088153012743,C5H10N2O3,146.1445,0.032018528577970815,1.095440765063715
cpd00220_c0,Riboflavin_c0,-0.00309646685192537,C17H20N4O6,376.36389999999994,0.0011653983406113544,0.05263993648273129
cpd00063_c0,Ca2+_c0,-0.00309646685192537,Ca,40.078,0.000124100198491465,0.0
cpd00356_c0,dCTP_c0,-0.0213435009581568,C9H13N3O13P3,464.133103,0.009906225328592788,0.19209150862341118
cpd10515_c0,Fe2+_c0,-0.00309646685192537,Fe,55.845,0.00017292219134577228,0.0
cpd15795_c0,Anteisoheptadecanoylcardiolipin (B. subtilis)_c0,-0.0106480421341882,C77H148O17P2,1407.936342,0.014991765491870807,0.8198992443324914
cpd00042_c0,GSH_c0,-0.00309646685192537,C10H16N3O6S,306.31554,0.0009484959158396198,0.0309646685192537
cpd00016_c0,Pyridoxal phosphate_c0,-0.00309646685192537,C8H9NO6P,246.133921,0.0007621455275109176,0.02477173481540296
cpd00003_c0,NAD_c0,-0.00309646685192537,C21H26N7O14P2,662.4171620000001,0.0020511527842794783,0.06502580389043278
cpd00166_c0,Calomide_c0,-0.00309646685192537,C72H101CoN18O17P,1580.5897009999999,0.004894243615641131,0.22294561333862664
cpd15500_c0,Menaquinone 8_c0,-0.00309646685192537,C51H72O2,717.11618,0.002220526480349347,0.15791980944819387
cpd00357_c0,TTP_c0,-0.0106923382342339,C10H14N2O14P3,479.144443,0.005123174447609606,0.106923382342339
cpd00149_c0,Co2+_c0,-0.00309646685192537,Co,58.9332,0.0001824847002778882,0.0
cpd00205_c0,K+_c0,-0.00309646685192537,K,39.0983,0.0001210665899166337,0.0
cpd00115_c0,dATP_c0,-0.0106923382342339,C10H13N5O12P3,488.157803,0.00521954834135652,0.106923382342339
cpd15560_c0,Ubiquinone-8_c0,-0.00309646685192537,C49H74O4,727.1094600000001,0.002251470340611356,0.15172687574434313
cpd00002_c0,ATP_c0,-40.1101757365074,C10H13N5O13P3,504.157203,20.221834011156037,401.10175736507404
cpd10516_c0,fe3_c0,-0.00309646685192537,Fe,55.845,0.00017292219134577228,0.0
cpd00017_c0,S-Adenosyl-L-methionine_c0,-0.00309646685192537,C15H23N6O5S,399.44532000000004,0.0012368691925367223,0.04644700277888055
cpd00052_c0,CTP_c0,-0.0841036156544863,C9H13N3O14P3,480.13250300000004,0.040380879495538494,0.7569325408903768
cpd15533_c0,phosphatidylethanolamine dioctadecanoyl_c0,-0.0106480421341882,C41H82NO8P,748.065441,0.007965432334898076,0.43656972750171624
cpd00051_c0,L-Arginine_c0,-0.246696822701341,C6H15N4O2,175.2089,0.04322347893899699,1.480180936208046
cpd00028_c0,Heme_c0,-0.00309646685192537,C34H30FeN4O4,614.4714,0.0019026903215561748,0.10527987296546258
cpd00023_c0,L-Glutamate_c0,-0.219088153012743,C5H8NO4,146.12132,0.03201345011458399,1.095440765063715
cpd00008_c0,ADP_c0,40.0,C10H13N5O10P2,425.18524199999996,-17.00740968,-400.0
cpd01997_c0,Dimethylbenzimidazole_c0,0.00309646685192537,C9H10N2,146.1891,-0.0004526697022628031,-0.02786820166732833
cpd00067_c0,H+_c0,40.0,H,1.00794,-0.04031760000000001,0.0
cpd03422_c0,Cobinamide_c0,0.00309646685192537,C48H73CoN11O8,991.0953199999999,-0.003068893805478367,-0.14863040889241777
cpd00012_c0,PPi_c0,0.484589756657213,H2O7P2,175.959202,-0.0852680268787774,0.0
cpd00009_c0,Phosphate_c0,39.9969035331481,HO4P,95.97930099999999,-3.8388748432759843,0.0
Total,,39.76125241981271,,,0.894183095639884,38.330816145611834
